Designator,Footprint,Quantity,Value,LCSC Part #
"C1, C2, C4, C5",C_Disc_D5.0mm_W2.5mm_P2.50mm,4,100nf,
C3,C_Disc_D5.0mm_W2.5mm_P5.00mm,1,100nf,
"JC1, JL2, JR2",PinSocket_1x10_P2.54mm_Vertical,3,Conn_01x10_Pin,
"JL1, JR1",PinHeader_1x20_P2.54mm_Vertical,2,Conn_01x20_Pin,
JP1,PinHeader_1x02_P2.54mm_Vertical,1,Jumper_2_Bridged,
JP2,PinHeader_1x03_P2.54mm_Vertical,1,Jumper_3_Bridged12,
U1,DIP-16_W7.62mm_LongPads,1,74LS257,
U2,DIP-16_W7.62mm_LongPads,1,74LS157,
U3,DIP-20_W7.62mm_LongPads,1,74LS273,
U4,DIP-14_W7.62mm_LongPads,1,74LS04,
U5,DIP-14_W7.62mm_LongPads,1,74LS02,
U6,DIP-40_W15.24mm_Socket_LongPads,1,6809E,
