Designator,Footprint,Quantity,Value,LCSC Part #
"C1, C10, C11, C12, C13, C14, C15, C16, C17, C18, C19, C2, C20, C21, C22, C23, C24, C25, C26, C27, C28, C29, C3, C30, C31, C32, C33, C34, C35, C36, C37, C38, C39, C6, C7, C8, C9",C_Axial_L3.8mm_D2.6mm_P12.54mm_Horizontal,37,.01uF,
"C4, C5",CP_Axial_L11.0mm_D6.0mm_P20.32mm,2,4.7uF,
C40,C_Axial_L3.8mm_D2.6mm_P12.54mm_Horizontal_notpopulated,1,.01uF,
C41,CP_Axial_L11.0mm_D6.0mm_P20.32mm_notpopulated,1,0.01u,
"FB1, FB2",C_Axial_L3.8mm_D2.6mm_P12.54mm_Horizontal,2,FerriteBead,
J1,PinHeader_2x20_P2.54mm_Vertical,1,Conn_01x40_Pin,
"J2, J5",PinHeader_1x07_P2.54mm_Vertical,2,Conn_01x07_Pin,
J3,PinHeader_1x01_P2.54mm_Vertical,1,Conn_01x01_Pin,
J4,DSUB-25_Female_Horizontal_P2.77x2.84mm_EdgePinOffset9.90mm_Housed_MountingHolesOffset11.32mm,1,Conn_01x25_Socket,
"Q1, Q2, Q4, Q5",TO-18-3,4,2N2222 NPN,
Q3,TO-92,1,2N4403 PNP,
"R1, R18, R24, R5",R_Axial_DIN0207_L6.3mm_D2.5mm_P15.24mm_Horizontal,4,3K3,
"R10, R11, R12, R13, R14, R15, R16, R17, R8, R9",R_Axial_DIN0207_L6.3mm_D2.5mm_P15.24mm_Horizontal,10,33,
"R19, R20",R_Axial_DIN0207_L6.3mm_D2.5mm_P15.24mm_Horizontal,2,1K3,
"R2, R23, R3",R_Axial_DIN0207_L6.3mm_D2.5mm_P15.24mm_Horizontal,3,22K,
R21,R_Axial_DIN0207_L6.3mm_D2.5mm_P15.24mm_Horizontal,1,680,
"R22, R4",R_Axial_DIN0207_L6.3mm_D2.5mm_P15.24mm_Horizontal,2,1K,
R25,R_Axial_DIN0207_L6.3mm_D2.5mm_P15.24mm_Horizontal__notpopulated,1,68,
R6,R_Axial_DIN0207_L6.3mm_D2.5mm_P15.24mm_Horizontal,1,1K5,
R7,R_Axial_DIN0207_L6.3mm_D2.5mm_P15.24mm_Horizontal,1,510,
TP1,TestPoint_THTPad_1.0x1.0mm_Drill0.5mm,1,TestPoint,
"U1, U2",DIP-14_W7.62mm,2,74LS04,
"U10, U11, U7, U8, U9",DIP-16_W7.62mm,5,74LS157,
U12,DIP-16_W7.62mm,1,74LS123,
U13,DIP-40_W15.24mm_socket,1,6809E,
"U14, U37",DIP-14_W7.62mm,2,74LS74,
U15,DIP-14_W7.62mm,1,74S37,
U16,DIP-14_W7.62mm,1,74S08,
U17,DIP-40_W15.24mm_socket,1,6502,
"U18, U19, U20",DIP-16_W7.62mm,3,74LS367,
U21,DIP-20_W7.62mm,1,74LS245,
"U22, U23, U24, U25, U26, U27, U28, U29",DIP-16_W7.62mm,8,4164,
U3,DIP-14_W7.62mm,1,74LS393,
"U30, U42",DIP-16_W7.62mm,2,74LS138,
U31,DIP-14_W7.62mm,1,74LS30,
U32,DIP-14_W7.62mm,1,74LS20,
"U33, U34",DIP-14_W7.62mm,2,74LS32,
"U35, U36",DIP-20_W7.62mm,2,74LS273,
U38,DIP-14_W7.62mm,1,MC1489,
U39,DIP-14_W7.62mm,1,MC1488E,
U4,DIP-14_W7.62mm,1,74LS93,
U40,DIP-28_W15.24mm,1,6551,
U41,DIP-20_W7.62mm,1,6702,
U43,DIP-14_W7.62mm,1,74LS10,
U44,DIP-16_W7.62mm,1,74LS139,
U45,DIP-24_W15.24mm_socket,1,ROM #9000,
U46,DIP-24_W15.24mm_socket,1,ROM #A000,
U47,DIP-24_W15.24mm,1,ROM #A000 #BFFF,
U48,DIP-24_W15.24mm,1,ROM #C000 #DFFF,
U49,DIP-24_W15.24mm,1,ROM #E000 #FFFF,
U5,DIP-14_W7.62mm,1,74LS11,
U50,DIP-14_W7.62mm,1,74LS08,
U6,DIP-14_W7.62mm,1,74LS164,
U99,SPARE_DIP-16_W7.62mm,1,SPARE,
VR1,TO-220-3_Horizontal_TabDown,1,L7805,
VR2,TO-220-3_Horizontal_TabDown_HeatSinked,1,L7805,
Y1,Crystal_HC33-U_Horizontal,1,"1.8432 MHz, HC49U",
